<?xml version="1.0" encoding="UTF-8"?>
<project-private xmlns="http://www.netbeans.org/ns/project-private/1">
    <editor-bookmarks xmlns="http://www.netbeans.org/ns/editor-bookmarks/2" lastBookmarkId="0"/>
    <open-files xmlns="http://www.netbeans.org/ns/projectui-open-files/2">
        <group>
            <file>file:/C:/Users/SALA%2003%20-%202º%20AUTO/OneDrive/Documentos/NetBeansProjects/JogodoMilhao/src/jogodomilhao/Pergunta.java</file>
            <file>file:/C:/Users/SALA%2003%20-%202º%20AUTO/OneDrive/Documentos/NetBeansProjects/JogodoMilhao/src/jogodomilhao/Teste.java</file>
            <file>file:/C:/Users/SALA%2003%20-%202º%20AUTO/OneDrive/Documentos/NetBeansProjects/JogodoMilhao/src/jogodomilhao/recursos/perguntas</file>
            <file>file:/C:/Users/SALA%2003%20-%202º%20AUTO/OneDrive/Documentos/NetBeansProjects/JogodoMilhao/src/jogodomilhao/Bonus.java</file>
            <file>file:/C:/Users/SALA%2003%20-%202º%20AUTO/OneDrive/Documentos/NetBeansProjects/JogodoMilhao/src/jogodomilhao/JogodoMilhao.java</file>
            <file>file:/C:/Users/SALA%2003%20-%202º%20AUTO/OneDrive/Documentos/NetBeansProjects/JogodoMilhao/src/jogodomilhao/Jogador.java</file>
            <file>file:/C:/Users/SALA%2003%20-%202º%20AUTO/OneDrive/Documentos/NetBeansProjects/JogodoMilhao/src/jogodomilhao/recursos/alternativas</file>
            <file>file:/C:/Users/SALA%2003%20-%202º%20AUTO/OneDrive/Documentos/NetBeansProjects/JogodoMilhao/src/jogodomilhao/GerarJogo.java</file>
        </group>
    </open-files>
</project-private>
